design_id,label,evidence_status,contamination_level
1000,winner,incomplete,medium
1001,loser,clean,medium
1002,loser,incomplete,low
1003,winner,clean,none
1004,winner,confounded,medium
1005,loser,incomplete,medium
1006,loser,incomplete,none
1007,winner,confounded,medium
1008,neutral,clean,none
1009,loser,confounded,medium
1010,loser,incomplete,low
1011,neutral,incomplete,medium
1012,loser,incomplete,none
1013,winner,incomplete,medium
1014,loser,incomplete,medium
1015,loser,incomplete,low
1016,winner,incomplete,none
1017,neutral,incomplete,none
1018,neutral,clean,none
1019,loser,confounded,low
1020,winner,incomplete,low
1021,winner,incomplete,none
1022,loser,incomplete,none
1023,winner,clean,low
1024,loser,clean,none
1025,loser,clean,none
1026,loser,clean,low
1027,winner,clean,medium
1028,loser,incomplete,medium
1029,loser,confounded,none
1030,loser,confounded,none
1031,winner,confounded,low
1032,neutral,confounded,low
1033,winner,confounded,medium
1034,loser,incomplete,none
1035,loser,incomplete,none
1036,loser,confounded,low
1037,loser,incomplete,low
1038,loser,clean,none
1039,loser,incomplete,none
1040,winner,clean,none
1041,winner,incomplete,none
1042,winner,incomplete,medium
1043,loser,confounded,none
1044,loser,incomplete,none
1045,winner,confounded,low
1046,loser,incomplete,none
1047,loser,confounded,low
1048,winner,confounded,medium
1049,winner,clean,none
1050,neutral,confounded,none
1051,winner,incomplete,none
1052,neutral,confounded,medium
1053,loser,incomplete,low
1054,loser,clean,low
1055,loser,confounded,none
1056,loser,incomplete,medium
1057,loser,clean,medium
1058,neutral,clean,none
1059,winner,confounded,low
1060,winner,confounded,medium
1061,loser,incomplete,medium
1062,winner,clean,none
1063,neutral,confounded,medium
1064,winner,clean,low
1065,winner,incomplete,medium
1066,winner,incomplete,low
1067,loser,clean,low
1068,loser,clean,medium
1069,winner,incomplete,none
1070,loser,incomplete,none
1071,winner,confounded,none
1072,winner,clean,none
1073,loser,confounded,medium
1074,winner,confounded,none
1075,loser,incomplete,none
1076,winner,incomplete,none
1077,winner,clean,medium
1078,loser,incomplete,none
1079,loser,clean,medium
1080,winner,confounded,medium
1081,winner,confounded,medium
1082,loser,confounded,none
1083,winner,confounded,low
1084,winner,incomplete,low
1085,winner,confounded,medium
1086,loser,incomplete,none
1087,neutral,clean,low
1088,loser,incomplete,none
1089,loser,incomplete,none
1090,winner,incomplete,none
1091,winner,incomplete,low
1092,winner,confounded,none
1093,winner,incomplete,medium
1094,loser,incomplete,none
1095,loser,incomplete,low
1096,loser,confounded,medium
1097,loser,confounded,medium
1098,winner,incomplete,low
1099,winner,confounded,low
1100,loser,incomplete,none
1101,neutral,incomplete,none
1102,winner,confounded,none
1103,winner,clean,none
1104,loser,clean,medium
1105,loser,confounded,low
1106,neutral,incomplete,low
1107,winner,incomplete,none
1108,loser,confounded,low
1109,winner,clean,low
1110,loser,confounded,low
1111,winner,incomplete,low
1112,neutral,clean,low
1113,loser,clean,none
1114,winner,clean,medium
1115,loser,confounded,medium
1116,winner,incomplete,low
1117,neutral,confounded,low
1118,loser,incomplete,none
1119,loser,confounded,medium
1120,loser,incomplete,low
1121,winner,incomplete,medium
1122,winner,clean,medium
1123,winner,incomplete,low
1124,winner,clean,low
1125,winner,clean,none
1126,loser,confounded,medium
1127,winner,clean,medium
1128,winner,confounded,none
1129,neutral,clean,medium
1130,neutral,confounded,medium
1131,loser,confounded,medium
1132,loser,incomplete,none
1133,winner,confounded,medium
1134,winner,clean,low
1135,loser,clean,low
1136,winner,incomplete,none
1137,loser,confounded,none
1138,winner,incomplete,none
1139,winner,clean,low
1140,loser,confounded,low
1141,winner,clean,none
1142,winner,clean,medium
1143,neutral,confounded,none
1144,loser,incomplete,none
1145,loser,clean,none
1146,winner,confounded,none
1147,loser,incomplete,none
1148,loser,confounded,medium
1149,loser,clean,none
1150,loser,confounded,low
1151,neutral,clean,none
1152,winner,incomplete,none
1153,winner,clean,low
1154,loser,confounded,none
1155,neutral,incomplete,medium
1156,winner,clean,low
1157,winner,clean,none
1158,winner,clean,low
1159,winner,clean,low
1160,loser,incomplete,medium
1161,winner,confounded,none
1162,neutral,confounded,none
1163,neutral,clean,medium
1164,neutral,incomplete,low
1165,loser,clean,none
1166,neutral,confounded,low
1167,loser,incomplete,low
1168,loser,confounded,none
1169,loser,incomplete,medium
1170,loser,confounded,medium
1171,neutral,clean,none
1172,loser,incomplete,low
1173,loser,clean,medium
1174,loser,incomplete,none
1175,loser,incomplete,none
1176,loser,incomplete,low
1177,winner,incomplete,low
1178,neutral,confounded,none
1179,winner,clean,none
1180,winner,confounded,low
1181,loser,confounded,low
1182,neutral,incomplete,low
1183,loser,incomplete,low
1184,winner,confounded,medium
1185,winner,incomplete,medium
1186,winner,incomplete,medium
1187,loser,clean,medium
1188,winner,confounded,medium
1189,loser,clean,low
1190,loser,clean,none
1191,winner,confounded,none
1192,loser,incomplete,low
1193,loser,confounded,medium
1194,winner,incomplete,medium
1195,loser,clean,low
1196,winner,confounded,medium
1197,winner,clean,medium
1198,loser,incomplete,low
1199,winner,clean,medium
1200,loser,confounded,low
1201,winner,confounded,medium
1202,winner,incomplete,low
1203,loser,confounded,none
1204,loser,clean,none
1205,loser,confounded,medium
1206,winner,clean,medium
1207,loser,clean,none
1208,neutral,incomplete,medium
1209,winner,confounded,none
1210,winner,clean,low
1211,loser,incomplete,medium
1212,loser,clean,none
1213,winner,confounded,none
1214,winner,clean,none
1215,loser,clean,medium
1216,winner,incomplete,none
1217,loser,confounded,none
1218,loser,incomplete,medium
1219,loser,clean,low
1220,loser,clean,medium
1221,loser,clean,medium
1222,winner,incomplete,medium
1223,loser,confounded,medium
1224,loser,clean,none
1225,loser,confounded,low
1226,loser,confounded,low
1227,loser,clean,medium
1228,neutral,incomplete,none
1229,loser,clean,low
1230,loser,confounded,medium
1231,loser,clean,none
1232,neutral,confounded,low
1233,winner,incomplete,low
1234,neutral,clean,medium
1235,neutral,clean,medium
1236,loser,confounded,none
1237,winner,confounded,medium
1238,loser,confounded,none
1239,loser,confounded,none
1240,loser,clean,low
1241,neutral,incomplete,medium
1242,winner,confounded,none
1243,loser,confounded,low
1244,winner,incomplete,none
1245,loser,clean,medium
1246,loser,clean,none
1247,neutral,clean,medium
1248,neutral,incomplete,none
1249,winner,confounded,none
1250,neutral,confounded,medium
1251,loser,confounded,low
1252,neutral,clean,low
1253,winner,clean,low
1254,winner,incomplete,low
1255,loser,confounded,low
1256,winner,clean,medium
1257,neutral,clean,low
1258,loser,confounded,none
1259,winner,confounded,none
1260,winner,clean,low
1261,loser,clean,none
1262,neutral,confounded,medium
1263,winner,clean,none
1264,winner,confounded,low
1265,loser,incomplete,low
1266,winner,incomplete,none
1267,winner,clean,low
1268,loser,confounded,none
1269,loser,incomplete,low
1270,loser,incomplete,medium
1271,neutral,clean,low
1272,loser,clean,medium
1273,winner,incomplete,low
1274,winner,confounded,medium
1275,loser,incomplete,medium
1276,winner,clean,none
1277,winner,confounded,none
1278,neutral,incomplete,medium
1279,loser,clean,none
1280,neutral,clean,low
1281,loser,confounded,medium
1282,loser,clean,low
1283,winner,confounded,none
1284,neutral,confounded,medium
1285,loser,incomplete,low
1286,neutral,confounded,medium
1287,winner,incomplete,low
1288,neutral,incomplete,medium
1289,neutral,incomplete,none
1290,loser,confounded,low
1291,winner,incomplete,none
1292,winner,confounded,low
1293,loser,incomplete,medium
1294,winner,incomplete,medium
1295,winner,clean,none
1296,winner,confounded,none
1297,neutral,confounded,none
1298,loser,incomplete,low
1299,loser,clean,none
1300,neutral,confounded,medium
1301,loser,clean,medium
1302,neutral,confounded,none
1303,loser,incomplete,none
1304,neutral,incomplete,none
1305,winner,confounded,none
1306,winner,clean,none
1307,neutral,incomplete,medium
1308,loser,confounded,low
1309,winner,incomplete,medium
1310,loser,confounded,none
1311,winner,clean,medium
1312,winner,confounded,low
1313,loser,incomplete,medium
1314,neutral,incomplete,low
1315,neutral,clean,medium
1316,neutral,confounded,low
1317,loser,confounded,none
1318,winner,confounded,medium
1319,loser,clean,none
1320,winner,confounded,medium
1321,loser,incomplete,none
1322,winner,clean,low
1323,winner,confounded,low
1324,loser,incomplete,medium
1325,neutral,clean,low
1326,loser,incomplete,none
1327,loser,incomplete,none
1328,winner,clean,medium
1329,winner,confounded,low
1330,winner,incomplete,medium
1331,winner,confounded,low
1332,loser,incomplete,none
1333,winner,incomplete,none
1334,winner,confounded,low
1335,winner,clean,low
1336,winner,clean,low
1337,loser,incomplete,medium
1338,loser,confounded,low
1339,winner,confounded,low
1340,neutral,clean,none
1341,winner,incomplete,medium
1342,winner,clean,medium
1343,loser,confounded,none
1344,loser,clean,medium
1345,neutral,incomplete,none
1346,loser,confounded,low
1347,winner,incomplete,low
1348,neutral,clean,medium
1349,winner,clean,medium
1350,loser,confounded,none
1351,winner,confounded,medium
1352,loser,confounded,medium
1353,winner,confounded,medium
1354,neutral,confounded,low
1355,loser,incomplete,none
1356,winner,incomplete,low
1357,loser,incomplete,none
1358,winner,confounded,low
1359,winner,clean,none
1360,neutral,incomplete,medium
1361,winner,clean,low
1362,winner,incomplete,low
1363,winner,clean,medium
1364,loser,clean,low
1365,winner,confounded,none
1366,winner,confounded,none
1367,neutral,incomplete,none
1368,neutral,clean,none
1369,loser,confounded,none
1370,neutral,clean,medium
1371,neutral,clean,low
1372,loser,incomplete,none
1373,loser,clean,medium
1374,winner,incomplete,none
1375,winner,clean,medium
1376,winner,incomplete,none
1377,winner,confounded,none
1378,loser,incomplete,medium
1379,winner,incomplete,low
1380,winner,incomplete,low
1381,loser,clean,none
1382,loser,clean,medium
1383,loser,incomplete,medium
1384,loser,confounded,medium
1385,winner,clean,none
1386,loser,confounded,none
1387,loser,clean,none
1388,loser,incomplete,low
1389,loser,clean,medium
1390,neutral,clean,low
1391,neutral,confounded,medium
1392,loser,confounded,medium
1393,loser,clean,low
1394,winner,incomplete,medium
1395,winner,clean,low
1396,winner,clean,medium
1397,neutral,clean,medium
1398,loser,confounded,low
1399,loser,confounded,medium
1400,winner,clean,none
1401,neutral,clean,none
1402,winner,confounded,none
1403,winner,incomplete,none
1404,loser,clean,medium
1405,loser,clean,none
1406,loser,clean,low
1407,neutral,confounded,none
1408,neutral,confounded,medium
1409,neutral,incomplete,low
1410,loser,clean,medium
1411,winner,clean,none
1412,winner,incomplete,none
1413,winner,clean,medium
1414,winner,clean,none
1415,loser,confounded,medium
1416,winner,clean,low
1417,winner,clean,none
1418,loser,confounded,medium
1419,loser,clean,low
1420,loser,clean,none
1421,loser,incomplete,medium
1422,neutral,incomplete,medium
1423,winner,incomplete,low
1424,loser,incomplete,low
1425,loser,confounded,medium
1426,loser,confounded,medium
1427,neutral,clean,medium
1428,loser,confounded,low
1429,winner,incomplete,low
1430,winner,confounded,none
1431,winner,clean,medium
1432,winner,incomplete,low
1433,loser,incomplete,low
1434,winner,incomplete,none
1435,neutral,clean,none
1436,winner,confounded,medium
1437,loser,confounded,none
1438,winner,clean,low
1439,loser,confounded,medium
1440,loser,incomplete,low
1441,loser,incomplete,medium
1442,loser,confounded,low
1443,winner,confounded,none
1444,loser,clean,medium
1445,winner,incomplete,low
1446,winner,confounded,low
1447,winner,confounded,none
1448,neutral,incomplete,medium
1449,neutral,confounded,medium
1450,winner,incomplete,low
1451,loser,incomplete,low
1452,loser,incomplete,low
1453,loser,confounded,medium
1454,winner,clean,low
1455,loser,confounded,low
1456,loser,clean,medium
1457,winner,clean,none
1458,neutral,clean,medium
1459,winner,incomplete,medium
1460,winner,incomplete,none
1461,loser,incomplete,medium
1462,loser,confounded,low
1463,winner,confounded,medium
1464,winner,incomplete,low
1465,loser,incomplete,low
1466,loser,confounded,low
1467,winner,incomplete,medium
1468,loser,incomplete,low
1469,neutral,clean,none
1470,loser,clean,low
1471,loser,confounded,low
1472,neutral,confounded,none
1473,neutral,clean,medium
1474,loser,clean,medium
1475,winner,clean,low
1476,winner,clean,medium
1477,loser,confounded,none
1478,neutral,confounded,low
1479,neutral,clean,none
1480,winner,clean,none
1481,loser,confounded,medium
1482,loser,incomplete,medium
1483,neutral,clean,none
1484,neutral,incomplete,low
1485,loser,clean,none
1486,winner,incomplete,low
1487,loser,incomplete,medium
1488,winner,confounded,low
1489,loser,incomplete,none
1490,loser,confounded,none
1491,neutral,clean,none
1492,loser,incomplete,medium
1493,loser,confounded,none
1494,winner,incomplete,none
1495,neutral,confounded,low
1496,winner,incomplete,low
1497,winner,incomplete,none
1498,winner,clean,low
1499,winner,incomplete,low
1500,neutral,confounded,none
1501,neutral,incomplete,none
1502,loser,clean,none
1503,loser,incomplete,medium
1504,loser,clean,none
1505,loser,incomplete,none
1506,loser,incomplete,low
1507,winner,confounded,medium
1508,winner,incomplete,low
1509,winner,incomplete,medium
1510,loser,clean,none
1511,winner,clean,none
1512,loser,confounded,none
1513,winner,clean,medium
1514,loser,clean,medium
1515,winner,clean,low
1516,winner,confounded,none
1517,loser,incomplete,low
1518,loser,confounded,none
1519,loser,confounded,medium
1520,neutral,incomplete,low
1521,neutral,incomplete,medium
1522,winner,clean,none
1523,loser,confounded,low
1524,loser,incomplete,none
1525,winner,confounded,low
1526,winner,incomplete,low
1527,winner,clean,low
1528,loser,incomplete,low
1529,loser,confounded,medium
1530,winner,clean,none
1531,loser,incomplete,low
1532,winner,confounded,low
1533,neutral,confounded,medium
1534,neutral,confounded,none
1535,loser,incomplete,none
1536,loser,incomplete,none
1537,winner,confounded,medium
1538,loser,confounded,none
1539,winner,incomplete,low
1540,neutral,confounded,medium
1541,winner,incomplete,medium
1542,loser,clean,medium
1543,loser,clean,none
1544,winner,confounded,medium
1545,loser,incomplete,medium
1546,winner,incomplete,none
1547,winner,clean,medium
1548,loser,confounded,none
1549,winner,incomplete,medium
1550,winner,incomplete,medium
1551,winner,confounded,none
1552,loser,clean,low
1553,loser,clean,low
1554,loser,incomplete,low
1555,loser,incomplete,none
1556,winner,incomplete,medium
1557,loser,clean,none
1558,neutral,clean,medium
1559,loser,incomplete,low
1560,loser,confounded,medium
1561,loser,incomplete,low
1562,winner,clean,low
1563,loser,clean,medium
1564,winner,clean,low
1565,loser,confounded,low
1566,loser,confounded,low
1567,winner,clean,medium
1568,loser,clean,none
1569,winner,confounded,low
1570,winner,confounded,medium
1571,neutral,confounded,low
1572,loser,clean,low
1573,loser,confounded,medium
1574,winner,clean,none
1575,neutral,confounded,medium
1576,winner,clean,low
1577,loser,clean,none
1578,winner,confounded,none
1579,loser,confounded,none
1580,neutral,clean,low
1581,neutral,confounded,low
1582,loser,clean,low
1583,loser,confounded,medium
1584,winner,confounded,none
1585,winner,incomplete,medium
1586,neutral,clean,medium
1587,loser,confounded,low
1588,winner,confounded,low
1589,loser,confounded,none
1590,loser,clean,low
1591,loser,confounded,none
1592,winner,clean,low
1593,winner,incomplete,none
1594,loser,confounded,medium
1595,loser,confounded,medium
1596,loser,incomplete,low
1597,loser,clean,none
1598,loser,confounded,low
1599,loser,incomplete,low
1600,neutral,confounded,low
1601,neutral,incomplete,none
1602,neutral,incomplete,none
1603,winner,clean,low
1604,winner,clean,low
1605,neutral,incomplete,low
1606,neutral,clean,low
1607,winner,confounded,none
1608,winner,confounded,medium
1609,winner,confounded,none
1610,neutral,clean,low
1611,neutral,clean,medium
1612,loser,incomplete,medium
1613,winner,clean,low
1614,winner,clean,none
1615,loser,clean,low
1616,winner,incomplete,low
1617,winner,clean,none
1618,neutral,confounded,medium
1619,winner,confounded,medium
1620,winner,clean,low
1621,loser,incomplete,low
1622,winner,confounded,low
1623,loser,clean,none
1624,loser,incomplete,medium
1625,loser,confounded,medium
1626,loser,clean,none
1627,loser,incomplete,low
1628,loser,incomplete,low
1629,winner,confounded,low
1630,loser,confounded,medium
1631,winner,clean,none
1632,loser,clean,low
1633,winner,incomplete,medium
1634,loser,incomplete,low
1635,loser,clean,medium
1636,loser,clean,medium
1637,neutral,clean,medium
1638,winner,incomplete,medium
1639,neutral,confounded,medium
1640,loser,incomplete,medium
1641,loser,clean,low
1642,loser,clean,medium
1643,loser,confounded,low
1644,loser,incomplete,none
1645,neutral,confounded,low
1646,winner,clean,medium
1647,winner,clean,none
1648,neutral,clean,none
1649,winner,incomplete,none
1650,loser,incomplete,none
1651,neutral,incomplete,low
1652,loser,clean,medium
1653,winner,clean,medium
1654,neutral,confounded,low
1655,winner,clean,low
1656,loser,incomplete,medium
1657,winner,clean,low
1658,loser,incomplete,medium
1659,winner,incomplete,low
1660,loser,clean,medium
1661,winner,confounded,none
1662,loser,incomplete,none
1663,loser,clean,low
1664,neutral,clean,medium
1665,loser,incomplete,low
1666,winner,confounded,none
1667,winner,clean,none
1668,loser,confounded,medium
1669,winner,confounded,medium
1670,winner,confounded,none
1671,loser,confounded,none
1672,neutral,confounded,none
1673,loser,confounded,low
1674,winner,clean,low
1675,loser,confounded,none
1676,loser,incomplete,none
1677,winner,confounded,low
1678,loser,clean,none
1679,winner,incomplete,low
1680,loser,incomplete,low
1681,winner,incomplete,low
1682,winner,incomplete,low
1683,loser,confounded,medium
1684,neutral,confounded,medium
1685,neutral,confounded,low
1686,loser,clean,low
1687,loser,clean,low
1688,loser,incomplete,low
1689,loser,clean,none
1690,loser,clean,low
1691,winner,clean,medium
1692,neutral,confounded,none
1693,loser,incomplete,medium
1694,loser,incomplete,none
1695,loser,confounded,none
1696,loser,confounded,low
1697,loser,clean,medium
1698,loser,confounded,low
1699,winner,clean,low
1700,loser,incomplete,none
1701,winner,clean,none
1702,loser,confounded,medium
1703,loser,clean,none
1704,loser,clean,medium
1705,neutral,clean,low
1706,loser,confounded,medium
1707,loser,incomplete,none
1708,loser,confounded,none
1709,winner,incomplete,medium
1710,loser,clean,none
1711,neutral,confounded,low
1712,winner,clean,none
1713,winner,incomplete,none
1714,loser,confounded,medium
1715,loser,confounded,none
1716,winner,incomplete,low
1717,loser,confounded,medium
1718,winner,incomplete,medium
1719,loser,clean,medium
1720,loser,confounded,medium
1721,neutral,incomplete,low
1722,loser,confounded,none
1723,winner,incomplete,low
1724,loser,clean,medium
1725,loser,incomplete,none
1726,loser,incomplete,medium
1727,loser,confounded,low
1728,loser,incomplete,low
1729,loser,clean,none
1730,loser,clean,medium
1731,winner,incomplete,none
1732,neutral,clean,none
1733,winner,clean,medium
1734,winner,confounded,none
1735,loser,clean,low
1736,winner,clean,medium
1737,winner,confounded,none
1738,loser,confounded,none
1739,loser,confounded,low
1740,loser,confounded,low
1741,winner,clean,low
1742,neutral,confounded,medium
1743,loser,incomplete,medium
1744,winner,confounded,medium
1745,winner,clean,none
1746,winner,confounded,medium
1747,loser,confounded,medium
1748,winner,confounded,medium
1749,winner,confounded,none
1750,winner,confounded,none
1751,neutral,incomplete,none
1752,winner,clean,low
1753,winner,clean,medium
1754,winner,clean,medium
1755,winner,incomplete,none
1756,winner,confounded,medium
1757,loser,incomplete,low
1758,winner,incomplete,low
1759,winner,incomplete,none
1760,loser,confounded,none
1761,loser,confounded,low
1762,winner,clean,medium
1763,loser,clean,none
1764,neutral,confounded,medium
1765,loser,incomplete,low
1766,neutral,clean,low
1767,loser,clean,low
1768,neutral,clean,medium
1769,winner,clean,medium
1770,winner,incomplete,low
1771,neutral,confounded,low
1772,loser,confounded,medium
1773,winner,incomplete,medium
1774,loser,incomplete,none
1775,winner,clean,none
1776,neutral,clean,medium
1777,winner,clean,low
1778,winner,incomplete,medium
1779,loser,confounded,medium
1780,winner,clean,low
1781,loser,incomplete,none
1782,loser,clean,low
1783,loser,incomplete,none
1784,winner,incomplete,none
1785,winner,clean,low
1786,neutral,clean,none
1787,winner,incomplete,medium
1788,winner,clean,low
1789,loser,incomplete,none
1790,winner,incomplete,low
1791,loser,clean,low
1792,loser,incomplete,none
1793,loser,confounded,none
1794,loser,clean,none
1795,neutral,incomplete,none
1796,neutral,confounded,medium
1797,winner,incomplete,none
1798,loser,incomplete,low
1799,winner,incomplete,none
1800,neutral,confounded,none
1801,loser,incomplete,none
1802,loser,incomplete,medium
1803,winner,confounded,none
1804,winner,incomplete,low
1805,winner,confounded,low
1806,loser,confounded,none
1807,loser,clean,none
1808,loser,clean,medium
1809,winner,confounded,medium
1810,neutral,incomplete,none
1811,neutral,clean,low
1812,winner,clean,low
1813,loser,clean,none
1814,loser,clean,none
1815,neutral,confounded,none
1816,winner,incomplete,medium
1817,loser,incomplete,medium
1818,loser,clean,low
1819,winner,confounded,none
1820,winner,confounded,none
1821,loser,incomplete,none
1822,loser,incomplete,none
1823,loser,clean,none
1824,neutral,confounded,none
1825,winner,clean,low
1826,winner,clean,medium
1827,winner,clean,low
1828,winner,incomplete,medium
1829,loser,clean,none
1830,neutral,incomplete,low
1831,loser,clean,low
1832,winner,clean,medium
1833,loser,confounded,none
1834,loser,clean,none
1835,winner,incomplete,medium
1836,neutral,clean,none
1837,loser,confounded,none
1838,winner,incomplete,low
1839,winner,incomplete,medium
1840,winner,incomplete,medium
1841,winner,clean,none
1842,winner,confounded,none
1843,winner,confounded,none
1844,neutral,clean,medium
1845,winner,clean,medium
1846,loser,confounded,low
1847,winner,incomplete,low
1848,loser,clean,low
1849,loser,confounded,medium
1850,loser,clean,low
1851,winner,confounded,medium
1852,loser,clean,medium
1853,winner,confounded,none
1854,neutral,incomplete,none
1855,loser,clean,low
1856,loser,incomplete,low
1857,winner,incomplete,low
1858,neutral,incomplete,low
1859,neutral,confounded,low
1860,winner,clean,none
1861,winner,incomplete,none
1862,winner,confounded,none
1863,neutral,incomplete,none
1864,neutral,incomplete,none
1865,loser,confounded,medium
1866,winner,incomplete,none
1867,loser,confounded,medium
1868,winner,confounded,low
1869,neutral,confounded,medium
1870,winner,confounded,none
1871,winner,clean,medium
1872,neutral,clean,medium
1873,winner,confounded,none
1874,loser,confounded,none
1875,loser,clean,none
1876,loser,confounded,none
1877,loser,clean,none
1878,neutral,confounded,low
1879,loser,incomplete,medium
1880,loser,incomplete,none
1881,winner,confounded,low
1882,winner,clean,none
1883,winner,clean,none
1884,winner,clean,none
1885,neutral,confounded,medium
1886,loser,clean,low
1887,loser,incomplete,none
1888,neutral,incomplete,none
1889,loser,clean,none
1890,loser,incomplete,medium
1891,winner,clean,medium
1892,winner,confounded,low
1893,winner,clean,low
1894,loser,incomplete,none
1895,winner,incomplete,medium
1896,winner,incomplete,none
1897,loser,clean,medium
1898,loser,confounded,medium
1899,winner,confounded,medium
1900,neutral,incomplete,medium
1901,winner,clean,medium
1902,neutral,clean,medium
1903,winner,confounded,low
1904,loser,incomplete,none
1905,winner,incomplete,low
1906,loser,confounded,none
1907,loser,confounded,medium
1908,neutral,clean,low
1909,winner,incomplete,medium
1910,winner,clean,none
1911,winner,incomplete,none
1912,neutral,clean,none
1913,loser,confounded,medium
1914,loser,confounded,medium
1915,neutral,clean,none
1916,winner,clean,medium
1917,neutral,incomplete,none
1918,neutral,clean,low
1919,loser,clean,medium
1920,winner,incomplete,none
1921,winner,clean,none
1922,winner,clean,none
1923,loser,incomplete,none
1924,loser,clean,low
1925,winner,clean,none
1926,loser,clean,low
1927,winner,incomplete,none
1928,winner,confounded,none
1929,loser,clean,low
1930,loser,incomplete,low
1931,loser,incomplete,medium
1932,neutral,clean,none
1933,winner,incomplete,medium
1934,neutral,clean,low
1935,loser,clean,none
1936,winner,confounded,none
1937,loser,incomplete,none
1938,winner,incomplete,low
1939,winner,clean,low
1940,winner,confounded,none
1941,winner,incomplete,low
1942,neutral,incomplete,none
1943,loser,confounded,none
1944,loser,confounded,none
1945,winner,confounded,none
1946,loser,clean,none
1947,winner,clean,medium
1948,loser,clean,medium
1949,loser,confounded,low
1950,loser,confounded,low
1951,neutral,clean,low
1952,winner,clean,none
1953,loser,incomplete,low
1954,loser,confounded,none
1955,winner,incomplete,none
1956,neutral,confounded,low
1957,neutral,clean,medium
1958,winner,confounded,medium
1959,winner,clean,none
1960,winner,clean,none
1961,loser,incomplete,low
1962,winner,clean,medium
1963,neutral,clean,none
1964,neutral,incomplete,none
1965,loser,incomplete,none
1966,winner,incomplete,none
1967,loser,clean,low
1968,loser,confounded,medium
1969,winner,confounded,medium
1970,winner,confounded,low
1971,loser,clean,none
1972,loser,clean,low
1973,loser,confounded,medium
1974,neutral,clean,medium
1975,loser,incomplete,medium
1976,loser,incomplete,none
1977,winner,confounded,medium
1978,loser,confounded,medium
1979,loser,incomplete,medium
1980,neutral,clean,low
1981,loser,confounded,none
1982,loser,incomplete,medium
1983,loser,incomplete,none
1984,loser,confounded,medium
1985,winner,clean,medium
1986,loser,confounded,low
1987,winner,confounded,none
1988,neutral,confounded,none
1989,loser,clean,none
1990,neutral,clean,low
1991,loser,clean,medium
1992,neutral,confounded,medium
1993,winner,clean,low
1994,winner,incomplete,medium
1995,winner,confounded,low
1996,loser,confounded,medium
1997,loser,confounded,medium
1998,loser,clean,low
1999,loser,incomplete,none
2000,winner,incomplete,low
2001,loser,incomplete,none
2002,loser,confounded,low
2003,loser,incomplete,medium
2004,loser,confounded,none
2005,loser,incomplete,medium
2006,winner,confounded,low
2007,winner,confounded,medium
2008,neutral,incomplete,low
2009,winner,confounded,medium
2010,loser,confounded,none
2011,winner,confounded,none
2012,loser,incomplete,medium
2013,loser,clean,medium
2014,loser,confounded,none
2015,winner,confounded,none
2016,loser,confounded,medium
2017,neutral,clean,none
2018,loser,clean,low
2019,loser,incomplete,low
2020,neutral,confounded,medium
2021,winner,incomplete,none
2022,winner,confounded,low
2023,winner,confounded,medium
2024,winner,clean,low
2025,winner,clean,medium
2026,winner,clean,none
2027,winner,incomplete,low
2028,neutral,incomplete,low
2029,loser,confounded,none
2030,loser,clean,none
2031,winner,confounded,low
2032,loser,confounded,none
2033,winner,confounded,medium
2034,neutral,clean,medium
2035,loser,clean,medium
2036,loser,clean,none
2037,winner,confounded,low
2038,winner,clean,low
2039,loser,clean,none
2040,winner,confounded,none
2041,neutral,confounded,medium
2042,winner,incomplete,none
2043,winner,incomplete,low
2044,loser,clean,medium
2045,loser,clean,none
2046,winner,clean,none
2047,neutral,incomplete,low
2048,neutral,clean,none
2049,loser,confounded,none
2050,loser,clean,low
2051,loser,clean,none
2052,winner,incomplete,low
2053,winner,clean,none
2054,loser,incomplete,none
2055,neutral,clean,low
2056,winner,clean,none
2057,loser,confounded,none
2058,loser,confounded,low
2059,winner,incomplete,low
2060,winner,clean,none
2061,winner,clean,medium
2062,winner,confounded,medium
2063,winner,clean,medium
2064,winner,confounded,low
2065,loser,confounded,none
2066,winner,clean,low
2067,winner,clean,medium
2068,neutral,confounded,low
2069,winner,clean,none
2070,winner,incomplete,none
2071,neutral,clean,none
2072,loser,incomplete,medium
2073,neutral,confounded,medium
2074,neutral,confounded,medium
2075,neutral,incomplete,medium
2076,winner,incomplete,low
2077,neutral,confounded,low
2078,winner,confounded,medium
2079,loser,confounded,low
2080,loser,confounded,medium
2081,loser,clean,low
2082,neutral,incomplete,none
2083,loser,confounded,medium
2084,winner,clean,none
2085,neutral,clean,medium
2086,loser,incomplete,none
2087,loser,clean,none
2088,loser,confounded,medium
2089,winner,incomplete,medium
2090,winner,incomplete,medium
2091,winner,incomplete,medium
2092,loser,clean,low
2093,winner,clean,medium
2094,loser,clean,none
2095,neutral,incomplete,low
2096,loser,incomplete,low
2097,winner,clean,medium
2098,loser,incomplete,low
2099,loser,confounded,none
2100,loser,incomplete,none
2101,loser,confounded,none
2102,loser,confounded,none
2103,loser,clean,medium
2104,loser,incomplete,medium
2105,winner,incomplete,medium
2106,winner,clean,medium
2107,winner,clean,none
2108,loser,incomplete,low
2109,loser,incomplete,medium
2110,loser,clean,medium
2111,neutral,confounded,low
2112,loser,clean,low
2113,neutral,confounded,none
2114,winner,confounded,medium
2115,loser,incomplete,none
2116,loser,incomplete,none
2117,loser,incomplete,none
2118,loser,incomplete,none
2119,winner,confounded,medium
2120,loser,clean,none
2121,loser,clean,medium
2122,neutral,incomplete,none
2123,winner,confounded,low
2124,neutral,incomplete,medium
2125,neutral,confounded,low
2126,loser,confounded,none
2127,neutral,incomplete,none
2128,winner,incomplete,medium
2129,winner,confounded,none
2130,loser,incomplete,medium
2131,loser,confounded,medium
2132,neutral,confounded,none
2133,winner,confounded,medium
2134,loser,confounded,low
2135,winner,clean,none
2136,loser,clean,low
2137,winner,confounded,medium
2138,loser,confounded,none
2139,loser,incomplete,none
2140,neutral,confounded,low
2141,neutral,clean,none
2142,winner,incomplete,low
2143,loser,incomplete,none
2144,loser,clean,medium
2145,winner,clean,none
2146,neutral,confounded,none
2147,winner,incomplete,low
2148,loser,clean,low
2149,winner,confounded,medium
2150,neutral,incomplete,none
2151,winner,incomplete,medium
2152,winner,incomplete,low
2153,neutral,confounded,medium
2154,loser,confounded,medium
2155,loser,confounded,low
2156,loser,confounded,none
2157,loser,confounded,low
2158,winner,confounded,low
2159,loser,incomplete,none
2160,loser,confounded,none
2161,winner,clean,low
2162,loser,clean,none
2163,loser,clean,medium
2164,winner,clean,medium
2165,loser,incomplete,low
2166,loser,confounded,low
2167,loser,incomplete,low
2168,loser,incomplete,none
2169,loser,confounded,medium
2170,loser,incomplete,none
2171,winner,incomplete,medium
2172,winner,clean,medium
2173,winner,confounded,medium
2174,loser,incomplete,medium
2175,neutral,clean,low
2176,loser,clean,low
2177,loser,incomplete,none
2178,loser,confounded,low
2179,winner,incomplete,none
2180,loser,clean,medium
2181,neutral,incomplete,none
2182,winner,confounded,low
2183,winner,clean,low
2184,neutral,clean,low
2185,loser,incomplete,medium
2186,loser,incomplete,medium
2187,winner,clean,low
2188,winner,clean,none
2189,loser,clean,low
2190,loser,clean,none
2191,winner,clean,none
2192,winner,clean,low
2193,neutral,clean,low
2194,loser,incomplete,low
2195,loser,confounded,low
2196,neutral,clean,low
2197,loser,incomplete,low
2198,neutral,confounded,medium
2199,loser,clean,medium
2200,winner,incomplete,none
2201,loser,incomplete,none
2202,loser,confounded,medium
2203,winner,incomplete,low
2204,loser,incomplete,none
2205,winner,incomplete,medium
2206,winner,incomplete,medium
2207,winner,clean,low
2208,winner,incomplete,medium
2209,winner,confounded,low
2210,winner,clean,medium
2211,winner,clean,low
2212,winner,incomplete,medium
2213,winner,incomplete,low
2214,loser,confounded,medium
2215,neutral,incomplete,low
2216,winner,incomplete,none
2217,neutral,incomplete,medium
2218,loser,clean,low
2219,loser,clean,low
2220,loser,clean,none
2221,winner,confounded,medium
2222,loser,clean,medium
2223,loser,confounded,none
2224,winner,incomplete,low
2225,winner,confounded,none
2226,winner,clean,low
2227,neutral,clean,low
2228,neutral,confounded,medium
2229,loser,incomplete,medium
2230,loser,confounded,low
2231,loser,confounded,none
2232,loser,clean,none
2233,loser,incomplete,low
2234,winner,clean,low
2235,winner,incomplete,medium
2236,winner,confounded,none
2237,loser,confounded,none
2238,winner,incomplete,none
2239,loser,incomplete,low
2240,loser,clean,medium
2241,neutral,confounded,medium
2242,winner,clean,medium
2243,loser,clean,low
2244,loser,confounded,medium
2245,winner,confounded,none
2246,loser,incomplete,low
2247,loser,clean,low
2248,loser,incomplete,none
2249,loser,confounded,none
2250,neutral,confounded,low
2251,winner,clean,medium
2252,winner,incomplete,medium
2253,winner,confounded,low
2254,winner,clean,low
2255,winner,incomplete,none
2256,winner,clean,none
2257,loser,incomplete,none
2258,neutral,incomplete,none
2259,loser,clean,none
2260,loser,confounded,medium
2261,loser,incomplete,none
2262,neutral,confounded,medium
2263,loser,incomplete,medium
2264,winner,clean,medium
2265,winner,clean,medium
2266,loser,confounded,low
2267,loser,clean,medium
2268,neutral,clean,low
2269,loser,clean,low
2270,loser,incomplete,medium
2271,winner,incomplete,none
2272,winner,clean,none
2273,loser,confounded,medium
2274,neutral,clean,low
2275,winner,confounded,none
2276,loser,clean,medium
2277,loser,clean,none
2278,loser,incomplete,medium
2279,winner,incomplete,low
2280,neutral,confounded,medium
2281,loser,clean,none
2282,winner,incomplete,medium
2283,neutral,incomplete,low
2284,loser,confounded,medium
2285,loser,confounded,medium
2286,loser,clean,medium
2287,winner,incomplete,low
2288,loser,confounded,none
2289,neutral,confounded,medium
2290,winner,clean,none
2291,loser,confounded,medium
2292,loser,confounded,none
2293,winner,confounded,medium
2294,neutral,confounded,low
2295,loser,confounded,low
2296,winner,clean,none
2297,neutral,confounded,none
2298,winner,confounded,none
2299,winner,clean,low
2300,winner,incomplete,medium
2301,winner,confounded,none
2302,neutral,clean,low
2303,neutral,clean,none
2304,winner,confounded,medium
2305,loser,confounded,medium
2306,winner,clean,low
2307,winner,confounded,low
2308,loser,incomplete,none
2309,winner,clean,low
2310,winner,incomplete,low
2311,loser,clean,none
2312,loser,confounded,none
2313,loser,clean,medium
2314,loser,clean,low
2315,loser,incomplete,low
2316,winner,confounded,low
2317,loser,clean,none
2318,loser,confounded,medium
2319,loser,incomplete,low
2320,winner,incomplete,none
2321,loser,incomplete,medium
2322,winner,incomplete,low
2323,loser,clean,medium
2324,winner,confounded,none
2325,loser,incomplete,low
2326,neutral,confounded,low
2327,loser,incomplete,low
2328,winner,clean,none
2329,neutral,clean,low
2330,winner,incomplete,medium
2331,loser,incomplete,none
2332,winner,clean,medium
2333,neutral,clean,medium
2334,neutral,clean,medium
2335,loser,clean,none
2336,loser,incomplete,low
2337,loser,incomplete,medium
2338,loser,clean,none
2339,winner,clean,medium
2340,loser,clean,low
2341,winner,clean,medium
2342,winner,confounded,none
2343,winner,incomplete,low
2344,winner,clean,medium
2345,neutral,confounded,medium
2346,winner,confounded,medium
2347,winner,incomplete,medium
2348,loser,confounded,medium
2349,neutral,incomplete,medium
2350,neutral,clean,low
2351,winner,incomplete,low
2352,winner,clean,low
2353,winner,confounded,low
2354,loser,confounded,low
2355,winner,incomplete,low
2356,winner,clean,none
2357,winner,confounded,none
2358,winner,incomplete,none
2359,loser,confounded,medium
2360,loser,clean,medium
2361,loser,confounded,none
2362,winner,confounded,low
2363,neutral,incomplete,none
2364,loser,confounded,medium
2365,winner,clean,none
2366,neutral,clean,medium
2367,loser,clean,low
2368,loser,clean,low
2369,neutral,clean,medium
2370,winner,confounded,none
2371,neutral,incomplete,none
2372,neutral,clean,none
2373,loser,confounded,low
2374,loser,confounded,none
2375,loser,confounded,low
2376,loser,clean,low
2377,winner,clean,low
2378,winner,clean,low
2379,winner,clean,medium
2380,neutral,incomplete,low
2381,loser,confounded,low
2382,winner,confounded,medium
2383,winner,incomplete,medium
2384,neutral,incomplete,medium
2385,winner,clean,low
2386,loser,incomplete,none
2387,loser,incomplete,medium
2388,loser,incomplete,none
2389,loser,incomplete,none
2390,neutral,confounded,none
2391,loser,clean,low
2392,loser,confounded,medium
2393,winner,incomplete,medium
2394,winner,clean,medium
2395,loser,clean,none
2396,neutral,clean,low
2397,winner,incomplete,none
2398,winner,incomplete,medium
2399,winner,confounded,low
2400,neutral,incomplete,low
2401,loser,incomplete,low
2402,winner,clean,none
2403,winner,confounded,medium
2404,winner,clean,medium
2405,neutral,incomplete,medium
2406,neutral,confounded,medium
2407,loser,confounded,low
2408,winner,confounded,low
2409,winner,incomplete,low
2410,loser,incomplete,none
2411,winner,clean,medium
2412,winner,incomplete,none
2413,loser,clean,medium
2414,winner,confounded,low
2415,winner,confounded,medium
2416,loser,clean,none
2417,loser,clean,low
2418,neutral,incomplete,none
2419,loser,incomplete,none
2420,loser,incomplete,medium
2421,loser,incomplete,medium
2422,winner,clean,low
2423,neutral,incomplete,low
2424,winner,incomplete,medium
2425,loser,clean,medium
2426,loser,clean,none
2427,winner,clean,none
2428,winner,clean,none
2429,neutral,confounded,none
2430,loser,confounded,medium
2431,winner,incomplete,medium
2432,winner,clean,low
2433,winner,confounded,low
2434,loser,clean,medium
2435,loser,incomplete,medium
2436,winner,confounded,none
2437,loser,confounded,medium
2438,winner,incomplete,medium
2439,neutral,clean,low
2440,winner,clean,low
2441,neutral,confounded,none
2442,winner,incomplete,medium
2443,neutral,confounded,low
2444,loser,confounded,medium
2445,loser,confounded,none
2446,neutral,confounded,medium
2447,neutral,incomplete,medium
2448,winner,clean,none
2449,loser,clean,low
2450,loser,confounded,none
2451,loser,clean,none
2452,loser,clean,medium
2453,loser,incomplete,none
2454,neutral,incomplete,none
2455,neutral,incomplete,none
2456,loser,confounded,low
2457,winner,confounded,low
2458,neutral,incomplete,low
2459,winner,clean,low
2460,neutral,clean,none
2461,loser,clean,none
2462,loser,confounded,none
2463,winner,confounded,medium
2464,winner,confounded,low
2465,winner,confounded,none
2466,loser,clean,low
2467,loser,incomplete,medium
2468,loser,incomplete,none
2469,neutral,clean,none
2470,loser,clean,low
2471,loser,incomplete,medium
2472,loser,incomplete,medium
2473,winner,incomplete,low
2474,loser,incomplete,low
2475,neutral,confounded,none
2476,neutral,incomplete,none
2477,loser,clean,low
2478,neutral,incomplete,medium
2479,loser,clean,none
2480,loser,confounded,none
2481,loser,incomplete,medium
2482,loser,incomplete,low
2483,winner,clean,medium
2484,loser,incomplete,medium
2485,winner,clean,none
2486,winner,clean,low
2487,winner,clean,low
2488,winner,confounded,medium
2489,winner,confounded,low
2490,loser,incomplete,none
2491,winner,incomplete,none
2492,loser,clean,none
2493,loser,clean,medium
2494,loser,incomplete,low
2495,loser,clean,medium
2496,neutral,confounded,low
2497,loser,incomplete,none
2498,neutral,confounded,low
2499,winner,confounded,none
2500,winner,incomplete,medium
2501,winner,incomplete,none
2502,winner,clean,none
2503,neutral,incomplete,medium
2504,neutral,confounded,medium
2505,neutral,confounded,none
2506,loser,incomplete,none
2507,winner,confounded,medium
2508,loser,clean,low
2509,neutral,incomplete,none
2510,winner,clean,none
2511,loser,incomplete,none
2512,winner,clean,medium
2513,winner,incomplete,none
2514,winner,incomplete,low
2515,winner,confounded,medium
2516,winner,clean,low
2517,loser,clean,none
2518,loser,clean,none
2519,loser,incomplete,medium
2520,loser,confounded,medium
2521,winner,clean,low
2522,loser,clean,low
2523,loser,incomplete,medium
2524,winner,clean,low
2525,loser,incomplete,none
2526,loser,incomplete,medium
2527,loser,incomplete,medium
2528,loser,incomplete,none
2529,loser,confounded,none
2530,loser,confounded,none
2531,neutral,clean,low
2532,loser,clean,low
2533,winner,incomplete,medium
2534,loser,incomplete,none
2535,neutral,confounded,medium
2536,loser,incomplete,medium
2537,loser,confounded,medium
2538,winner,confounded,medium
2539,winner,clean,none
2540,neutral,clean,none
2541,winner,clean,low
2542,loser,incomplete,low
2543,loser,incomplete,medium
2544,loser,confounded,low
2545,loser,incomplete,medium
2546,neutral,incomplete,low
2547,loser,confounded,low
2548,loser,clean,low
2549,loser,incomplete,low
2550,winner,clean,low
2551,loser,clean,low
2552,winner,incomplete,low
2553,winner,incomplete,low
2554,loser,incomplete,medium
2555,neutral,incomplete,medium
2556,loser,confounded,none
2557,loser,incomplete,low
2558,winner,confounded,low
2559,neutral,incomplete,low
2560,neutral,confounded,low
2561,winner,clean,low
2562,winner,incomplete,low
2563,loser,incomplete,medium
2564,neutral,confounded,none
2565,neutral,incomplete,none
2566,winner,confounded,low
2567,winner,confounded,none
2568,winner,incomplete,medium
2569,winner,clean,medium
2570,neutral,incomplete,none
2571,loser,incomplete,none
2572,neutral,clean,low
2573,winner,incomplete,medium
2574,loser,clean,low
2575,loser,confounded,low
2576,loser,incomplete,none
2577,winner,clean,medium
2578,winner,confounded,none
2579,loser,confounded,none
2580,winner,incomplete,none
2581,loser,incomplete,none
2582,loser,clean,medium
2583,winner,confounded,medium
2584,loser,clean,medium
2585,neutral,confounded,medium
2586,loser,clean,none
2587,winner,incomplete,none
2588,loser,confounded,none
2589,neutral,confounded,none
2590,loser,incomplete,low
2591,winner,clean,none
2592,winner,clean,none
2593,winner,incomplete,none
2594,winner,clean,medium
2595,loser,confounded,medium
2596,winner,confounded,low
2597,loser,confounded,low
2598,neutral,incomplete,low
2599,loser,confounded,medium
2600,winner,clean,medium
2601,winner,clean,none
2602,loser,incomplete,medium
2603,loser,incomplete,none
2604,winner,clean,none
2605,loser,clean,medium
2606,winner,clean,none
2607,winner,confounded,none
2608,neutral,confounded,low
2609,neutral,incomplete,medium
2610,neutral,confounded,medium
2611,loser,incomplete,low
2612,loser,incomplete,medium
2613,loser,confounded,low
2614,loser,clean,none
2615,loser,clean,none
2616,neutral,incomplete,none
2617,winner,incomplete,low
2618,neutral,incomplete,low
2619,neutral,incomplete,none
2620,winner,confounded,medium
2621,loser,clean,medium
2622,loser,confounded,low
2623,winner,incomplete,medium
2624,winner,clean,low
2625,winner,incomplete,medium
2626,loser,incomplete,none
2627,loser,clean,medium
2628,winner,confounded,medium
2629,winner,confounded,medium
2630,winner,incomplete,none
2631,neutral,incomplete,low
2632,loser,clean,none
2633,neutral,clean,low
2634,loser,incomplete,none
2635,loser,incomplete,none
2636,loser,clean,medium
2637,winner,clean,none
2638,winner,clean,medium
2639,neutral,clean,none
2640,winner,incomplete,low
2641,neutral,clean,low
2642,neutral,incomplete,none
2643,winner,clean,medium
2644,winner,confounded,medium
2645,loser,confounded,none
2646,loser,incomplete,medium
2647,neutral,clean,medium
2648,loser,confounded,none
2649,loser,incomplete,low
2650,loser,incomplete,low
2651,winner,clean,medium
2652,winner,incomplete,medium
2653,loser,clean,low
2654,winner,incomplete,low
2655,loser,incomplete,low
2656,loser,clean,none
2657,loser,incomplete,low
2658,winner,confounded,none
2659,winner,confounded,medium
2660,winner,incomplete,none
2661,loser,clean,low
2662,loser,clean,none
2663,loser,incomplete,medium
2664,loser,confounded,low
2665,loser,confounded,medium
2666,loser,confounded,none
2667,winner,incomplete,none
2668,winner,clean,none
2669,loser,confounded,medium
2670,neutral,incomplete,medium
2671,loser,incomplete,medium
2672,winner,confounded,low
2673,winner,clean,low
2674,neutral,incomplete,none
2675,loser,incomplete,medium
2676,winner,clean,medium
2677,loser,confounded,low
2678,loser,incomplete,none
2679,loser,incomplete,low
2680,loser,incomplete,none
2681,loser,incomplete,low
2682,winner,incomplete,low
2683,loser,confounded,none
2684,winner,clean,medium
2685,neutral,incomplete,medium
2686,winner,incomplete,medium
2687,loser,clean,low
2688,winner,confounded,none
2689,winner,incomplete,low
2690,winner,clean,none
2691,loser,incomplete,none
2692,loser,confounded,low
2693,winner,confounded,medium
2694,winner,confounded,medium
2695,winner,incomplete,medium
2696,loser,incomplete,none
2697,loser,confounded,low
2698,loser,incomplete,low
2699,winner,clean,none
2700,winner,incomplete,low
2701,winner,clean,medium
2702,neutral,incomplete,none
2703,loser,clean,medium
2704,loser,clean,low
2705,neutral,incomplete,none
2706,loser,confounded,medium
2707,winner,confounded,medium
2708,loser,clean,medium
2709,winner,confounded,medium
2710,loser,clean,low
2711,winner,clean,low
2712,winner,confounded,low
2713,winner,clean,none
2714,winner,clean,none
2715,loser,incomplete,low
2716,winner,confounded,medium
2717,loser,incomplete,medium
2718,loser,confounded,none
2719,loser,confounded,low
2720,loser,confounded,medium
2721,winner,incomplete,medium
2722,loser,confounded,none
2723,winner,confounded,low
2724,winner,confounded,none
2725,winner,incomplete,none
2726,loser,clean,medium
2727,loser,confounded,none
2728,loser,clean,none
2729,loser,incomplete,low
2730,winner,clean,medium
2731,winner,clean,none
2732,winner,clean,low
2733,winner,incomplete,medium
2734,loser,incomplete,none
2735,loser,clean,medium
2736,loser,incomplete,none
2737,loser,clean,medium
2738,loser,confounded,none
2739,winner,incomplete,low
2740,neutral,clean,none
2741,neutral,incomplete,low
2742,neutral,confounded,none
2743,neutral,confounded,none
2744,neutral,confounded,low
2745,winner,incomplete,medium
2746,winner,confounded,medium
2747,loser,incomplete,medium
2748,neutral,clean,medium
2749,winner,confounded,medium
2750,loser,confounded,low
2751,loser,confounded,none
2752,neutral,clean,medium
2753,winner,clean,none
2754,winner,clean,none
2755,loser,clean,none
2756,neutral,confounded,low
2757,loser,confounded,low
2758,winner,clean,medium
2759,neutral,confounded,none
2760,neutral,confounded,none
2761,winner,confounded,low
2762,loser,incomplete,low
2763,loser,clean,medium
2764,loser,incomplete,none
2765,loser,incomplete,low
2766,loser,incomplete,low
2767,loser,confounded,low
2768,loser,clean,none
2769,loser,incomplete,low
2770,winner,clean,none
2771,neutral,confounded,low
2772,loser,incomplete,medium
2773,loser,confounded,medium
2774,neutral,clean,medium
2775,winner,confounded,medium
2776,winner,incomplete,medium
2777,loser,confounded,low
2778,winner,clean,medium
2779,loser,clean,medium
2780,winner,incomplete,medium
2781,loser,clean,none
2782,winner,confounded,none
2783,loser,incomplete,none
2784,loser,incomplete,low
2785,neutral,confounded,none
2786,loser,incomplete,none
2787,winner,clean,none
2788,winner,incomplete,medium
2789,winner,incomplete,low
2790,loser,confounded,low
2791,winner,incomplete,low
2792,winner,confounded,medium
2793,winner,clean,none
2794,winner,clean,low
2795,winner,incomplete,medium
2796,winner,incomplete,none
2797,loser,incomplete,low
2798,winner,incomplete,none
2799,loser,clean,medium
2800,neutral,clean,medium
2801,winner,incomplete,medium
2802,winner,incomplete,none
2803,loser,clean,medium
2804,winner,clean,none
2805,loser,incomplete,none
2806,neutral,clean,low
2807,winner,confounded,medium
2808,winner,clean,none
2809,winner,incomplete,none
2810,neutral,incomplete,low
2811,winner,incomplete,none
2812,loser,clean,medium
2813,winner,incomplete,medium
2814,loser,confounded,none
2815,neutral,clean,medium
2816,neutral,incomplete,low
2817,winner,incomplete,medium
2818,winner,confounded,low
2819,neutral,confounded,low
2820,loser,incomplete,medium
2821,loser,clean,none
2822,loser,clean,medium
2823,loser,confounded,low
2824,neutral,clean,none
2825,winner,clean,medium
2826,winner,incomplete,none
2827,loser,confounded,medium
2828,loser,confounded,none
2829,loser,confounded,medium
2830,winner,incomplete,low
2831,loser,clean,medium
2832,winner,clean,medium
2833,loser,confounded,medium
2834,winner,confounded,none
2835,neutral,clean,none
2836,loser,confounded,none
2837,winner,confounded,medium
2838,neutral,incomplete,none
2839,loser,confounded,medium
2840,winner,confounded,low
2841,winner,incomplete,none
2842,winner,clean,medium
2843,loser,incomplete,none
2844,winner,confounded,low
2845,winner,confounded,none
2846,loser,clean,none
2847,loser,incomplete,medium
2848,neutral,clean,none
2849,winner,incomplete,medium
2850,neutral,incomplete,none
2851,loser,clean,medium
2852,winner,incomplete,low
2853,loser,confounded,low
2854,winner,clean,none
2855,neutral,clean,none
2856,loser,clean,medium
2857,loser,confounded,medium
2858,neutral,incomplete,low
2859,loser,clean,low
2860,winner,confounded,medium
2861,winner,clean,none
2862,winner,confounded,none
2863,loser,confounded,none
2864,loser,confounded,medium
2865,winner,confounded,low
2866,neutral,incomplete,medium
2867,loser,clean,low
2868,loser,clean,medium
2869,loser,confounded,medium
2870,winner,clean,none
2871,loser,confounded,low
2872,winner,clean,low
2873,neutral,clean,none
2874,loser,confounded,medium
2875,winner,clean,none
2876,winner,clean,medium
2877,loser,confounded,low
2878,loser,clean,low
2879,loser,clean,medium
2880,winner,incomplete,medium
2881,winner,incomplete,medium
2882,loser,incomplete,medium
2883,winner,clean,low
2884,winner,incomplete,low
2885,loser,clean,none
2886,neutral,incomplete,medium
2887,loser,incomplete,medium
2888,loser,confounded,low
2889,winner,clean,low
2890,winner,clean,low
2891,winner,clean,low
2892,winner,incomplete,none
2893,loser,confounded,none
2894,loser,incomplete,medium
2895,winner,confounded,none
2896,winner,incomplete,none
2897,winner,confounded,none
2898,winner,clean,medium
2899,winner,confounded,low
2900,loser,confounded,low
2901,winner,clean,medium
2902,loser,incomplete,none
2903,winner,incomplete,medium
2904,winner,incomplete,none
2905,loser,incomplete,low
2906,loser,incomplete,medium
2907,loser,clean,none
2908,loser,clean,none
2909,loser,clean,none
2910,winner,confounded,medium
2911,neutral,clean,low
2912,winner,confounded,medium
2913,loser,incomplete,low
2914,neutral,clean,low
2915,winner,confounded,none
2916,loser,incomplete,medium
2917,neutral,incomplete,low
2918,neutral,confounded,medium
2919,winner,confounded,none
2920,loser,confounded,low
2921,winner,incomplete,low
2922,neutral,incomplete,none
2923,loser,confounded,medium
2924,neutral,confounded,medium
2925,winner,confounded,none
2926,winner,clean,medium
2927,loser,confounded,low
2928,winner,incomplete,medium
2929,loser,clean,low
2930,neutral,incomplete,medium
2931,winner,incomplete,none
2932,loser,clean,medium
2933,winner,clean,none
2934,winner,incomplete,low
2935,winner,clean,none
2936,loser,incomplete,low
2937,neutral,clean,none
2938,loser,incomplete,medium
2939,loser,confounded,medium
2940,winner,confounded,medium
2941,neutral,incomplete,low
2942,loser,clean,low
2943,winner,incomplete,none
2944,winner,incomplete,low
2945,winner,clean,none
2946,winner,incomplete,low
2947,neutral,incomplete,medium
2948,winner,clean,low
2949,winner,incomplete,low
2950,neutral,incomplete,none
2951,winner,confounded,low
2952,neutral,clean,low
2953,loser,confounded,none
2954,winner,incomplete,none
2955,winner,incomplete,low
2956,loser,confounded,none
2957,loser,clean,low
2958,neutral,confounded,low
2959,winner,incomplete,medium
2960,loser,confounded,low
2961,loser,clean,none
2962,neutral,confounded,none
2963,winner,incomplete,low
2964,loser,confounded,none
2965,loser,confounded,low
2966,loser,clean,medium
2967,winner,confounded,low
2968,neutral,incomplete,low
2969,loser,confounded,medium
2970,winner,clean,medium
2971,loser,confounded,none
2972,loser,incomplete,none
2973,winner,incomplete,none
2974,winner,incomplete,none
2975,winner,incomplete,low
2976,loser,clean,none
2977,winner,incomplete,none
2978,loser,confounded,medium
2979,winner,clean,medium
2980,winner,clean,none
2981,neutral,incomplete,none
2982,winner,incomplete,low
2983,loser,incomplete,none
2984,winner,incomplete,medium
2985,loser,incomplete,none
2986,winner,confounded,none
2987,loser,confounded,low
2988,neutral,incomplete,medium
2989,neutral,incomplete,medium
2990,loser,clean,low
2991,neutral,confounded,none
2992,loser,clean,none
2993,winner,clean,none
2994,loser,incomplete,low
2995,neutral,confounded,medium
2996,winner,clean,medium
2997,loser,confounded,low
2998,winner,clean,none
2999,loser,clean,medium
3000,loser,confounded,none
3001,loser,incomplete,low
3002,neutral,clean,none
3003,winner,confounded,low
3004,neutral,confounded,none
3005,loser,confounded,low
3006,winner,confounded,none
3007,loser,incomplete,low
3008,neutral,confounded,medium
3009,neutral,incomplete,low
3010,winner,incomplete,medium
3011,loser,incomplete,low
3012,loser,confounded,none
3013,winner,incomplete,none
3014,loser,incomplete,medium
3015,loser,confounded,low
3016,winner,clean,low
3017,winner,incomplete,none
3018,loser,incomplete,low
3019,winner,clean,none
3020,loser,clean,low
3021,loser,incomplete,none
3022,winner,incomplete,low
3023,neutral,confounded,low
3024,winner,clean,medium
3025,winner,clean,low
3026,loser,clean,low
3027,loser,incomplete,low
3028,winner,clean,medium
3029,winner,clean,medium
3030,loser,incomplete,low
3031,neutral,confounded,low
3032,loser,clean,low
3033,winner,incomplete,medium
3034,neutral,incomplete,medium
3035,winner,incomplete,none
3036,loser,clean,none
3037,neutral,confounded,none
3038,loser,confounded,low
3039,winner,incomplete,medium
3040,winner,clean,none
3041,loser,incomplete,medium
3042,loser,clean,low
3043,loser,clean,none
3044,winner,confounded,medium
3045,loser,incomplete,none
3046,loser,incomplete,none
3047,loser,confounded,low
3048,loser,incomplete,medium
3049,loser,clean,low
3050,loser,clean,low
3051,loser,incomplete,medium
3052,winner,incomplete,low
3053,loser,incomplete,low
3054,loser,confounded,none
3055,winner,confounded,low
3056,loser,incomplete,low
3057,neutral,clean,none
3058,loser,confounded,medium
3059,winner,clean,low
3060,loser,confounded,none
3061,neutral,clean,none
3062,loser,confounded,none
3063,winner,incomplete,low
3064,winner,clean,none
3065,neutral,confounded,low
3066,neutral,clean,none
3067,neutral,incomplete,low
3068,winner,confounded,none
3069,loser,confounded,none
3070,loser,incomplete,medium
3071,loser,clean,none
3072,winner,confounded,none
3073,winner,clean,medium
3074,loser,incomplete,low
3075,neutral,clean,none
3076,winner,clean,medium
3077,winner,incomplete,none
3078,loser,incomplete,none
3079,neutral,clean,none
3080,winner,clean,none
3081,loser,confounded,low
3082,neutral,clean,medium
3083,winner,incomplete,low
3084,loser,clean,low
3085,winner,incomplete,none
3086,winner,confounded,medium
3087,neutral,confounded,medium
3088,winner,incomplete,low
3089,winner,confounded,medium
3090,neutral,confounded,medium
3091,winner,clean,low
3092,winner,incomplete,low
3093,loser,confounded,medium
3094,neutral,confounded,none
3095,winner,confounded,low
3096,loser,clean,low
3097,loser,confounded,medium
3098,winner,clean,medium
3099,winner,clean,medium
3100,neutral,clean,low
3101,loser,incomplete,none
3102,winner,clean,none
3103,loser,clean,medium
3104,winner,clean,none
3105,winner,incomplete,low
3106,loser,clean,medium
3107,winner,clean,medium
3108,winner,incomplete,medium
3109,winner,incomplete,low
3110,loser,confounded,low
3111,neutral,confounded,low
3112,winner,confounded,none
3113,loser,incomplete,low
3114,loser,clean,none
3115,loser,confounded,none
3116,winner,clean,low
3117,loser,confounded,low
3118,loser,confounded,low
3119,loser,confounded,medium
3120,winner,clean,medium
3121,loser,clean,none
3122,winner,confounded,low
3123,loser,clean,medium
3124,neutral,clean,low
3125,loser,confounded,low
3126,loser,incomplete,low
3127,winner,incomplete,none
3128,loser,clean,medium
3129,loser,incomplete,none
3130,winner,incomplete,none
3131,neutral,incomplete,low
3132,winner,incomplete,low
3133,loser,confounded,low
3134,loser,confounded,none
3135,winner,incomplete,low
3136,winner,clean,medium
3137,winner,clean,medium
3138,loser,confounded,none
3139,loser,confounded,low
3140,winner,confounded,none
3141,winner,confounded,low
3142,winner,clean,low
3143,winner,incomplete,low
3144,neutral,incomplete,low
3145,loser,incomplete,medium
3146,loser,incomplete,low
3147,loser,clean,medium
3148,loser,clean,none
3149,winner,incomplete,medium
3150,neutral,clean,none
3151,neutral,incomplete,medium
3152,loser,clean,medium
3153,neutral,confounded,medium
3154,loser,incomplete,medium
3155,winner,confounded,medium
3156,loser,incomplete,none
3157,winner,confounded,medium
3158,loser,clean,low
3159,winner,incomplete,medium
3160,loser,incomplete,none
3161,winner,clean,none
3162,neutral,incomplete,medium
3163,loser,confounded,none
3164,loser,confounded,none
3165,winner,incomplete,none
3166,winner,clean,none
3167,loser,clean,medium
3168,winner,confounded,medium
3169,loser,incomplete,none
3170,loser,clean,medium
3171,winner,clean,none
3172,winner,clean,low
3173,loser,confounded,medium
3174,loser,incomplete,medium
3175,loser,clean,none
3176,loser,incomplete,none
3177,loser,incomplete,low
3178,loser,clean,medium
3179,neutral,clean,medium
3180,neutral,confounded,none
3181,loser,incomplete,medium
3182,winner,confounded,medium
3183,loser,incomplete,none
3184,loser,clean,none
3185,loser,confounded,medium
3186,neutral,clean,none
3187,winner,clean,medium
3188,loser,confounded,none
3189,neutral,confounded,low
3190,loser,confounded,medium
3191,winner,clean,low
3192,loser,confounded,low
3193,neutral,clean,low
3194,loser,confounded,low
3195,neutral,confounded,low
3196,loser,confounded,medium
3197,winner,incomplete,medium
3198,loser,clean,low
3199,neutral,clean,none
3200,winner,clean,low
3201,loser,clean,low
3202,loser,confounded,low
3203,loser,confounded,none
3204,loser,clean,medium
3205,loser,clean,low
3206,winner,incomplete,low
3207,loser,incomplete,low
3208,loser,clean,low
3209,neutral,incomplete,low
3210,loser,incomplete,medium
3211,winner,confounded,none
3212,winner,clean,none
3213,winner,clean,medium
3214,neutral,incomplete,none
3215,winner,incomplete,none
3216,loser,confounded,none
3217,loser,incomplete,none
3218,loser,confounded,low
3219,loser,clean,medium
3220,winner,confounded,none
3221,winner,incomplete,none
3222,winner,incomplete,medium
3223,loser,clean,none
3224,loser,confounded,medium
3225,winner,confounded,none
3226,loser,confounded,medium
3227,loser,incomplete,medium
3228,neutral,confounded,low
3229,loser,incomplete,low
3230,winner,incomplete,none
3231,winner,confounded,low
3232,loser,clean,low
3233,winner,incomplete,medium
3234,loser,incomplete,none
3235,loser,incomplete,none
3236,loser,incomplete,low
3237,loser,confounded,low
3238,neutral,incomplete,none
3239,winner,incomplete,medium
3240,loser,confounded,none
3241,neutral,incomplete,low
3242,winner,clean,low
3243,winner,incomplete,medium
3244,winner,clean,medium
3245,loser,clean,medium
3246,winner,clean,low
3247,loser,incomplete,none
3248,loser,incomplete,low
3249,winner,confounded,medium
3250,loser,incomplete,medium
3251,winner,clean,none
3252,loser,confounded,medium
3253,winner,confounded,low
3254,winner,confounded,none
3255,loser,clean,medium
3256,loser,incomplete,low
3257,loser,clean,low
3258,winner,incomplete,medium
3259,loser,incomplete,low
3260,loser,confounded,medium
3261,winner,incomplete,none
3262,loser,confounded,low
3263,winner,confounded,low
3264,winner,confounded,medium
3265,neutral,confounded,medium
3266,loser,confounded,low
3267,neutral,confounded,low
3268,loser,clean,medium
3269,loser,clean,low
3270,loser,incomplete,none
3271,loser,confounded,low
3272,neutral,incomplete,medium
3273,winner,incomplete,medium
3274,neutral,confounded,medium
3275,neutral,incomplete,none
3276,neutral,clean,medium
3277,loser,confounded,medium
3278,loser,confounded,low
3279,loser,clean,none
3280,loser,confounded,none
3281,neutral,clean,medium
3282,winner,clean,low
3283,winner,incomplete,medium
3284,winner,incomplete,medium
3285,neutral,clean,medium
3286,neutral,confounded,none
3287,loser,incomplete,medium
3288,winner,clean,medium
3289,neutral,incomplete,none
3290,winner,confounded,none
3291,loser,incomplete,medium
3292,loser,clean,low
3293,winner,confounded,none
3294,winner,confounded,medium
3295,neutral,incomplete,medium
3296,winner,clean,medium
3297,loser,incomplete,low
3298,neutral,clean,none
3299,winner,clean,medium
3300,neutral,confounded,none
3301,winner,confounded,low
3302,loser,clean,low
3303,winner,confounded,none
3304,loser,clean,none
3305,winner,clean,low
3306,winner,confounded,low
3307,loser,confounded,low
3308,winner,confounded,medium
3309,loser,clean,none
3310,neutral,clean,none
3311,neutral,confounded,low
3312,loser,incomplete,medium
3313,neutral,confounded,medium
3314,winner,incomplete,medium
3315,winner,confounded,medium
3316,winner,clean,low
3317,loser,confounded,none
3318,winner,clean,low
3319,loser,confounded,none
3320,loser,confounded,low
3321,winner,confounded,medium
3322,loser,incomplete,low
3323,winner,confounded,none
3324,winner,incomplete,none
3325,loser,confounded,none
3326,winner,clean,low
3327,loser,incomplete,medium
3328,neutral,clean,low
3329,winner,clean,none
3330,neutral,confounded,low
3331,loser,clean,medium
3332,neutral,confounded,medium
3333,neutral,clean,low
3334,winner,confounded,medium
3335,neutral,clean,medium
3336,neutral,confounded,low
3337,winner,clean,medium
3338,neutral,clean,low
3339,loser,incomplete,none
3340,neutral,confounded,medium
3341,loser,incomplete,none
3342,loser,confounded,none
3343,winner,clean,none
3344,neutral,clean,low
3345,neutral,incomplete,none
3346,winner,incomplete,medium
3347,neutral,confounded,low
3348,loser,confounded,low
3349,loser,confounded,medium
3350,winner,clean,low
3351,neutral,confounded,none
3352,loser,incomplete,low
3353,loser,incomplete,low
3354,loser,clean,medium
3355,loser,incomplete,none
3356,winner,clean,none
3357,winner,clean,medium
3358,neutral,incomplete,low
3359,winner,incomplete,medium
3360,loser,clean,low
3361,winner,confounded,low
3362,loser,incomplete,none
3363,neutral,confounded,none
3364,loser,clean,none
3365,loser,incomplete,none
3366,loser,confounded,medium
3367,winner,incomplete,none
3368,neutral,clean,none
3369,winner,incomplete,low
3370,loser,incomplete,none
3371,winner,confounded,none
3372,winner,incomplete,medium
3373,loser,clean,none
3374,winner,confounded,low
3375,neutral,confounded,low
3376,loser,incomplete,none
3377,neutral,confounded,none
3378,winner,incomplete,medium
3379,neutral,confounded,low
3380,loser,confounded,none
3381,loser,incomplete,low
3382,winner,clean,low
3383,loser,confounded,low
3384,neutral,incomplete,none
3385,winner,confounded,none
3386,neutral,clean,medium
3387,loser,clean,low
3388,winner,clean,low
3389,winner,clean,low
3390,loser,confounded,medium
3391,winner,confounded,low
3392,winner,incomplete,none
3393,winner,incomplete,medium
3394,neutral,incomplete,low
3395,neutral,incomplete,low
3396,loser,clean,none
3397,neutral,confounded,medium
3398,winner,confounded,medium
3399,winner,incomplete,medium
